prefix,name,exe_offset,rva,on_disk,disk_size
@,END.GRP,0x1012d8,0x1012d8,yes,733380
C,HBMAP.LZW,0x1030d8,0x1030d8,yes,123077
C,HBCHAR.LZW,0x1030e8,0x1030e8,yes,24358
C,HBCHAR2.LZW,0x1030f8,0x1030f8,yes,7608
C,HBOBJ.DAT,0x103108,0x103108,yes,5120
C,HJMAP.LZW,0x1034c0,0x1034c0,yes,28351
C,HJCHAR.LZW,0x1034d0,0x1034d0,yes,14038
C,HKMAP.LZW,0x1034e0,0x1034e0,yes,28551
C,HKCHAR.LZW,0x1034f0,0x1034f0,yes,18038
C,HGRP.LZW,0x103500,0x103500,yes,23784
C,HJMAPDAT.DAT,0x1036f0,0x1036f0,yes,64600
C,HKMAPNEW.LZW,0x103700,0x103700,yes,65646
B,MMLDATA.LZW,0x106ac0,0x106ac0,no,
B,GRPDATA.LZW,0x106ad0,0x106ad0,yes,21415
B,MESSAGE1.LZW,0x106ae0,0x106ae0,yes,45553
B,MESSAGE2.LZW,0x106af0,0x106af0,yes,45421
B,MESSAGE3.LZW,0x106b00,0x106b00,yes,52304
B,MESSAGE4.LZW,0x106b10,0x106b10,yes,28831
B,MAPCHIP.LZW,0x106b20,0x106b20,yes,31478
B,MAPCHAR.LZW,0x106b30,0x106b30,yes,13133
B,SHOP_BG.LZW,0x106b40,0x106b40,yes,26465
B,SHOP_OBJ.LZW,0x106b50,0x106b50,yes,24938
B,SHOP_MSK.LZW,0x106b60,0x106b60,yes,4414
B,ANMSEQ.LZW,0x106b70,0x106b70,yes,13381
C,NPKDATA.IDX,0x106b80,0x106b80,yes,296263
C,PK8DATA.LZW,0x106b90,0x106b90,yes,38850
C,TOWNCHIP.LZW,0x106ba0,0x106ba0,yes,28509
C,TOWNCHAR.LZW,0x106bb0,0x106bb0,yes,20876
C,HEXMES.LZW,0x106bc0,0x106bc0,yes,5375
C,KOSENGRP.LZW,0x106bd0,0x106bd0,yes,281658
D,FACE.LZW,0x106be0,0x106be0,yes,1093638
A,EXTFACE.PK8,0x106bf0,0x106bf0,yes,1533
A,SAVEDATA.TR2,0x109590,0x109590,yes,328088
F,SNDATA1.TR2,0x1095a0,0x1095a0,yes,40856
F,SNDATA2.TR2,0x1095b0,0x1095b0,yes,40856
F,BSDATA1.TR2,0x1095c0,0x1095c0,yes,41300
F,BSDATA2.TR2,0x1095d0,0x1095d0,yes,41300
A,ACERTWP.GRP,0x10a178,0x10a178,yes,128006
A,Press.GRP,0x10a1b8,0x10a1b8,yes,128006
B,GAIJI.TR2,0x10a1f8,0x10a1f8,yes,544
B,GRPDATA2.LZW,0x10a208,0x10a208,yes,4166
A,KOEILOGO.GRP,0x10a2b0,0x10a2b0,yes,128006
B,TERRAIN.LZW,0x10a3c0,0x10a3c0,yes,164499
B,SHOPMAP.LZW,0x10b650,0x10b650,yes,34049
B,SHOPCHAR.LZW,0x10b660,0x10b660,yes,478601
A,KAMINARI.KOS,0x10badc,0x10badc,yes,75945
A,SIKAKU.KOS,0x10baec,0x10baec,yes,12969
A,MATISIRO.KOS,0x10bafc,0x10bafc,yes,26925
A,MI_AME.KOS,0x10bb0c,0x10bb0c,yes,57769
A,MI_HARE.KOS,0x10bb1c,0x10bb1c,yes,60461
A,NINJA.KOS,0x10bb2c,0x10bb2c,yes,34013
A,MACHIMES.KOS,0x10bb38,0x10bb38,yes,20333
A,GINOUUP.KOS,0x10bb48,0x10bb48,yes,32173
A,IZOUKA.KOS,0x10bb58,0x10bb58,yes,3789
A,INOTIGOI.KOS,0x10bb68,0x10bb68,yes,35661
A,IGENSYOU.KOS,0x10bb78,0x10bb78,yes,3693
A,TGENSYOU.KOS,0x10bb88,0x10bb88,yes,12589
A,KAISHIN.KOS,0x10bb98,0x10bb98,yes,16589
A,IKARI.KOS,0x10bba8,0x10bba8,yes,28973
A,NIGERU.KOS,0x10bbb4,0x10bbb4,yes,24683
A,KEMURI.KOS,0x10bbc4,0x10bbc4,yes,18989
A,IATSU.KOS,0x10bbd4,0x10bbd4,yes,66089
A,METUBUSI.KOS,0x10bbe0,0x10bbe0,yes,20521
A,YOKETA.KOS,0x10bbf0,0x10bbf0,yes,22701
A,UKETA.KOS,0x10bc00,0x10bc00,yes,24237
A,OOATARI.KOS,0x10bc0c,0x10bc0c,yes,21487
A,KOATARI.KOS,0x10bc1c,0x10bc1c,yes,20525
A,SHIKI.KOS,0x10bc2c,0x10bc2c,yes,16109
A,ZANSYU.KOS,0x10bc38,0x10bc38,yes,4905
A,UMETATE.KOS,0x10bc48,0x10bc48,yes,25865
A,SYUUZEN.KOS,0x10bc58,0x10bc58,yes,8801
A,RAKUSEKI.KOS,0x10bc68,0x10bc68,yes,81961
A,KAKEI.KOS,0x10bc78,0x10bc78,yes,85545
A,GIHEI.KOS,0x10bc84,0x10bc84,yes,1031
A,SHIPPAI.KOS,0x10bc90,0x10bc90,yes,9513
A,SEIKOU.KOS,0x10bca0,0x10bca0,yes,16301
A,IDOU.KOS,0x10bcb0,0x10bcb0,yes,17321
A,TEPPOU.KOS,0x10bcbc,0x10bcbc,yes,36393
A,TOTUGEKI.KOS,0x10bccc,0x10bccc,yes,16809
A,OPENGATE.KOS,0x10bcdc,0x10bcdc,yes,29161
A,KOUGEKI2.KOS,0x10bcec,0x10bcec,yes,12937
A,KOUGEKI1.KOS,0x10bcfc,0x10bcfc,yes,13891
A,CANCEL.KOS,0x10bd0c,0x10bd0c,yes,3067
A,CLICK.KOS,0x10bd1c,0x10bd1c,yes,2329
A,WAVE.TMP,0x10bd5c,0x10bd5c,no,
A,MIDI.TMP,0x10bd70,0x10bd70,no,
C,TOWNMAP.LZW,0x10c140,0x10c140,yes,36939
C,TOWNPOS.DAT,0x10c150,0x10c150,yes,2450
C,TOWNTBL.DAT,0x10c160,0x10c160,yes,2560
C,KAIKON.LZW,0x10ca08,0x10ca08,yes,16349
A,SMODE.GRP,0x10da30,0x10da30,yes,133537
A,PVMM.SWP,0x10dda8,0x10dda8,no,
